<?xml version="1.0" encoding="UTF-8" standalone="yes"?>
<addon id="repository.kissanga" name="Kissanga Repo" version="1.0.1" provider-name="Kissanga">
    <extension point="xbmc.addon.repository" name="Kissanga">
        <info compressed="false">https://raw.githubusercontent.com/kodishmcbr/aula/master/addons.xml</info>
		<checksum>https://raw.githubusercontent.com/kodishmcbr/aula/master/addons.xml.md5</checksum>
		<datadir zip="true">https://raw.githubusercontent.com/kodishmcbr/aula/master/repo</datadir>
    </extension>
    <extension point="xbmc.addon.metadata">
        <summary>Kissanga</summary>
        <description>Filmes,Animação e Séries</description>
        <platform>all</platform>
    </extension>
</addon>

